first_name,last_name,SamAccountName,UserPrincipleName,path,status
jonas,wirth,j.wirth,j.wirth@TeoGillarNärJoelTittarPåHonom.se,,True
teo,junevall,t.junevall,t.junevall@TeoGillarNärJoelTittarPåHonom.se,,True
joel,nilsson,j.nilsson,j.nilsson@TeoGillarNärJoelTittarPåHonom.se,,True
theo,larefalk,t.larefalk,t.larefalk@TeoGillarNärJoelTittarPåHonom.se,,True
alexander,spremo,a.spremo,a.spremo@TeoGillarNärJoelTittarPåHonom.se,,True